Time	B (Mean)	X (Mean)	Y (Mean)	B (Std)	X (Std)	Y (Std)
0	0	1200	800	0	0	0
2.6015651015651E-10	0.00049950023979893	1199.99975024989	799.999750249867	0.0316069585731851	0.0158034947567997	0.015803487390369
0.000200309643318023	271.448680864743	1070.44955005324	658.10176908199	19.5169566124063	10.36693561446	10.5584825785767
0.000400329577293686	411.510017974367	1015.30624986413	573.183732161468	22.0104054787762	12.9763204887244	12.9811304974831
0.000600389102452746	489.058112675882	997.550150118437	513.391737205662	22.9363672809308	15.3377288268146	14.7479520107039
0.000800544595624711	531.959394200955	1002.25801317253	465.782592626445	23.385687102053	17.8951134780623	16.340210429594
0.00100074421508117	553.46141032791	1022.37062751001	424.167962161963	23.6486393655826	20.7333492334606	17.8427240515467
0.00120089322493536	560.459597658172	1054.19541817629	385.344984165377	23.8677854264864	23.8555327933041	19.2414315222942
0.00140101948579449	556.706373445788	1095.6582563947	347.635370159322	24.1595893598533	27.2180355872515	20.4791255027929
0.00160122676942497	544.260643308041	1145.47211678393	310.267239907853	24.6350990398843	30.727236314566	21.4716254949903
0.00180163377326922	524.26881273044	1202.65648693711	273.074700332246	25.3830667046187	34.2309051892647	22.1190594817381
0.00200169981461297	497.546797148014	1266.01101581075	236.442187041058	26.4276523925764	37.5048186908097	22.3209867268655
0.00220197469664392	464.698896250589	1334.45316843914	200.847935310117	27.6974636853566	40.2936109002503	22.0002103687498
0.0024021820431718	426.588711583891	1406.32284306682	167.088445349189	29.0041889228667	42.3076821412441	21.1214071320392
0.00260239198996287	384.330426549403	1479.73955935687	135.930014093652	30.0787902746905	43.2891621081052	19.7097218570438
0.00280248249406124	339.415694242575	1552.51729397616	108.067011781207	30.6350176365508	43.0625462052212	17.8572973255775
0.00300264912341387	293.524725275407	1622.5375390287	83.9377356958516	30.4487290181032	41.5838758726415	15.7074319721551
0.00320273459233845	248.499787203271	1687.74854044589	63.7516723508191	29.4171547115198	38.9634203690943	13.4340965810696
0.00340289123265758	205.973659607572	1746.62357530435	47.4027650880635	27.5813093430457	35.4444636462557	11.2020426677336
0.00360297648208383	167.3003964442	1798.11970861801	34.5798949377758	25.1085691005022	31.3592754481984	9.14498426413613
0.00380313016741787	133.309749482701	1841.89012361616	24.8001269011223	22.2364722681446	27.052720018879	7.34419330532438
0.00400321566072134	104.390541159563	1878.07629438249	17.5331644579418	19.2192436287647	22.833270745299	5.83386442615888
0.00420336844324949	80.4616737648695	1907.29221764358	12.2461085915499	16.2720938383573	18.9245645382812	4.60671887415321
0.00440345443913873	61.1654701499803	1930.36311937144	8.47141047857545	13.5528314631321	15.4656360812101	3.63290294680826
0.00460360664420266	45.9295301635124	1948.2561439036	5.81432593288408	11.1494093553406	12.5101466562154	2.8703636766983
0.00480369310221471	34.1293751666661	1961.90346957206	3.96715526127142	9.09666408176355	10.0556490355888	2.27735773105561
0.00500384485066077	25.1279601030425	1972.17803734999	2.69400254696342	7.38596193376055	8.05801712819393	1.81591155004472
0.0052039317800703	18.3574176149604	1979.81929659984	1.82328578520247	5.98672409653665	6.45701777782177	1.45556561683307
0.00540408306340875	13.3190248199922	1985.45035581318	1.2306193668295	4.85500941035275	5.18485408926238	1.1721427296089
0.00560417045189761	9.60785841388959	1989.56303689793	0.829104688180699	3.94625773012311	4.1790466003282	0.947734890021718
0.00580432129837198	6.89475229277407	1992.54751521152	0.557732495706354	3.21769823532582	3.38354035938775	0.768693024091793
0.00600440912126065	4.9262960075786	1994.69886103823	0.37484295418899	2.63330863544389	2.75291592803255	0.625062782275178
0.00620455955629392	3.50570960149048	1996.24258362057	0.251706777944117	2.16263614750557	2.25009469416236	0.509188784749095
0.00640464779067794	2.48642156677514	1997.34462727236	0.168951160866694	1.78196292667008	1.84685476366848	0.415397374684676
0.006604797835634	1.75788764288591	1998.1287661641	0.113346193021014	1.47224660351622	1.5210766587267	0.339204706023679
0.00680488646057417	1.23953456294504	1998.68443513422	0.0760303028395097	1.21910783111604	1.2563371722751	0.277208261796231
0.00700503613706398	0.871775126285017	1999.0772414723	0.050983401417328	1.01111997363399	1.03982947704814	0.226648903431565
0.00720512513163093	0.611820842865041	1999.3539919663	0.0341871908383107	0.839666187260607	0.862023062959251	0.185392575424935
0.00740527446052145	0.42846320204983	1999.54861740119	0.022919396766514	0.697803456217027	0.715351300419439	0.151677964768533
0.00760536429954628	0.299530866350033	1999.68510300056	0.0153661330980209	0.580219071084616	0.594081749513276	0.124125919865587
0.00780551286563474	0.209017923602652	1999.78068168018	0.0103003962175735	0.482535032115329	0.493541299893496	0.101586655168554
0.00800560360941154	0.145642825645473	1999.84745193664	0.00690523772168686	0.401337574413104	0.410111305635368	0.0831530993115361
0.00820575139538093	0.101325812126119	1999.89404565417	0.00462853370826983	0.333756877257905	0.340772138295145	0.0680652726255802
0.00840584292339229	0.0704063341811923	1999.92649089438	0.0031027714438156	0.277519685217571	0.28314281265354	0.0557209571685975
0.0086059899435395	0.0488558727640047	1999.94906441675	0.00207971048998901	0.230689247688421	0.235204741873886	0.0456144681696447
0.00880608223388509	0.0338656483823101	1999.96474023232	0.0013941192996413	0.191715220614132	0.195346866206818	0.0373440293266926
0.00900622851716057	0.0234469428268116	1999.97561862529	0.00093443188379715	0.159267310397888	0.162191406142783	0.0305720035038898
0.00920632153104586	0.0162185767658161	1999.98315504036	0.000626382879034789	0.132274085636124	0.134630877052735	0.0250296707446733
0.00940646710887124	0.0112067945311212	1999.98837336406	0.000419841414583797	0.109813611057553	0.111714547835195	0.0204911984547032
0.0096065608159119	0.00773750012594592	1999.99198106697	0.000281432904335279	0.0911409455017854	0.0926752976785792	0.0167766324494026
0.00980670571887883	0.00533715952269863	1999.99447420671	0.000188633769868328	0.0756149086142396	0.0768539899952804	0.0137347859413731
0.010006800092108	0.0036788539443944	1999.99619469936	0.000126446694848013	0.0627166074310751	0.0637177579937243	0.0112450729107087
0.0102069443453051	0.00253364402270199	1999.99738160359	8.47523868791923E-05	0.0519998795894038	0.0528091148273441	0.00920623271556829
0.010407039356132	0.00174384130759911	1999.99819934684	5.68118525726504E-05	0.0431034150592668	0.0437578387986554	0.007537436450578
0.0106071829882172	0.00119931525582353	1999.99876260591	3.80788321690441E-05	0.0357170460728567	0.0362464689516335	0.00617084647001358
0.0108072786155926	0.000824362296733903	1999.99915011246	2.55252422861749E-05	0.0295895363587774	0.0300179514348257	0.00505227507116087
0.0110074216468018	0.000566235863568889	1999.99941665552	1.71086171526823E-05	0.0245056023630055	0.0248523472059757	0.00413627008904328
0.0112075178579698	0.000388741289571336	1999.99959979037	1.14683396288977E-05	0.0202908582630534	0.0205715868113656	0.00338650154930648
0.0114076603212114	0.000266712833768643	1999.99972560036	7.68680739690578E-06	0.0167961464612114	0.0170234890631096	0.00277251372922957
0.0116077585437582	0.000182907759245981	1999.9998119396	5.15264046319671E-06	0.0139006314544636	0.0140850442739609	0.00226994543127674
0.0118078990746878	0.000125361674328348	1999.99987118468	3.45363896299399E-06	0.0115012125889968	0.0116510022395352	0.00185839839396693
0.0120079997654605	8.58853033196177E-05	1999.99991179965	2.31504058101792E-06	0.00951425217807012	0.00963609141057852	0.00152152663473214
0.0122081380791952	5.88084566649715E-05	1999.99993963983	1.55169947037386E-06	0.00786863593440201	0.00796803971472276	0.00124567283792084
0.0124082410000989	4.02527936323869E-05	1999.99995870706	1.04012931625271E-06	0.00650656286688662	0.00658798107330543	0.00101986766249357
0.0126083771087728	2.753842510164E-05	1999.9999717644	6.97169288036171E-07	0.00537905826949992	0.00544531432798949	0.000834966888061987
0.0128084822501457	1.88334247643293E-05	1999.99998069925	4.67321798250863E-07	0.00444624065539584	0.00450023055479393	0.000683609563096748
0.0130086161595512	1.28743228249418E-05	1999.99998681243	3.13233969862515E-07	0.00367443095050371	0.00371957827007313	0.000559673278261122
0.0132087234916491	8.79785245560562E-06	1999.99999099217	2.09963953769868E-07	0.00303615095760939	0.00307372768120189	0.000458218436656158
0.013408855235103	6.00966477952498E-06	1999.99999384959	1.40734131234823E-07	0.00250827042406061	0.00254002699506299	0.000375145792735716
0.0136089647360505	4.10383212941569E-06	1999.99999580182	9.43351273571392E-08	0.00207188174436855	0.00209884629688103	0.000307140632697246
0.0138090943308613	2.80133607857878E-06	1999.99999713542	6.32309925369605E-08	0.00171111832929379	0.00173494511762108	0.000251458272498707
0.0140092060057868	1.9116742574723E-06	1999.99999804593	4.23840169116162E-08	0.00141298537968212	0.00143497533514511	0.000205874376457317
0.0142093334525606	1.30410533374158E-06	1999.99999866747	2.84093002907264E-08	0.00116661090395427	0.00118803171751842	0.000168551349321407
0.0144094472601455	8.89386823293024E-07	1999.99999909156	1.90427997688168E-08	0.000963073495896967	0.000982504884765945	0.000137996579281337
0.0146095725949399	6.06361388447546E-07	1999.99999938086	1.27641252858686E-08	0.00079493089964288	0.000816309562688919	0.000112979725747442
0.0148096885491007	4.13291865207009E-07	1999.99999957814	8.55577712137788E-09	0.000656064394404856	0.000677600198705277	9.24993907431852E-05
0.015009811759413	2.81615699576323E-07	1999.99999971264	5.7348434565408E-09	0.000541384141438172	0.000566427953896197	7.57313115780309E-05
0.0152099298517175	1.91842891313287E-07	1999.9999998043	3.8440420393764E-09	0.000446697498669494	0.000474251411984865	6.20042533165667E-05
0.0154100509502944	1.30653278084752E-07	1999.99999986676	2.57663014984013E-09	0.000368526383775598	0.000404285928329217	5.07657750565998E-05
0.0156101725294272	8.89582568123088E-08	1999.9999999093	1.72709263897586E-09	0.000303999864791577	0.000338456314282514	4.15652041868772E-05
0.0158102901956467	6.05550793977045E-08	1999.99999993828	1.15766417853623E-09	0.000250744402746988	0.000290318261572883	3.40333527974966E-05
0.0160104152330955	4.12104177973541E-08	1999.999999958	7.75966896453656E-10	0.000206794500828119	0.000250727489092331	2.78676624555221E-05
0.0162105296090384	2.80397210928397E-08	1999.99999997143	5.20131400648712E-10	0.000170531775613658	0.000223216840184445	2.2820750667244E-05
0.0164106579255307	1.90736118275557E-08	1999.99999998057	3.4863488581512E-10	0.000140611577306355	0.000202430712301965	1.86885792565311E-05
0.0166107690591706	1.29721983486636E-08	1999.99999998679	2.33691910424374E-10	0.000115931497221767	0.000171279482426786	1.53079152403449E-05
0.0168109006295663	8.8203697883719E-09	1999.99999999102	1.56638552600389E-10	9.55719117868371E-05	0.000149504989183544	1.25390211374732E-05
0.0170110085371315	5.99642005211191E-09	1999.99999999389	1.04996372938016E-10	7.878223151599E-05	0.000138174211702536	1.02737697306981E-05
0.0172111433824745	4.07557983945753E-09	1999.99999999585	7.03763176458345E-11	6.49344050930576E-05	0.0001220703125	8.41928426742326E-06
0.0174112480620453	2.76967655449433E-09	1999.99999999718	4.71742182809122E-11	5.35172052127403E-05	0.000107895932187889	6.89985111197691E-06
0.0176113861477016	1.8817414763493E-09	1999.99999999808	3.16194465790576E-11	4.41023659109308E-05	0.000138174211702536	5.65823259361613E-06
0.0178114876150002	1.27833004046551E-09	1999.99999999869	2.11950878863763E-11	3.63418339231326E-05	0.000129475118625466	4.64003297284513E-06
0.0180116289611118	8.68192516526843E-10	1999.99999999911	1.42062930124388E-11	2.99431302515649E-05	0.000134761976109739	3.80440437917826E-06
0.0182117272057457	5.89590853166437E-10	1999.99999999939	9.52274858098197E-12	2.46696799959404E-05	0.000136478758392321	3.11615603553745E-06
0.0184118718108429	4.00289228261485E-10	1999.99999999958	6.38269790906699E-12	2.03226911582914E-05	0.000149504989183544	2.55473371354959E-06
0.0186119668325233	2.71749068567151E-10	1999.99999999971	4.27852284705305E-12	1.67424364832845E-05	0.000151054305063044	2.10075304270636E-06
0.0188121147531193	1.84437212242838E-10	1999.9999999998	2.86763017952078E-12	1.37890149638471E-05	0.000157098848586838	1.70544170917414E-06
0.0190122065024186	1.2517254550589E-10	1999.99999999986	1.9222096660375E-12	1.13570406254765E-05	0.000146357163187034	1.38236167796887E-06
0.0192123577379943	8.49286120778565E-11	1999.99999999991	1.28834688971895E-12	9.35367706060322E-06	0.000131261066696817	1.1201665746744E-06
0.0194124462137447	5.76219400648062E-11	1999.99999999993	8.63596616672373E-13	7.7037785045455E-06	0.000141504188468868	8.92134134442961E-07
0.0196125992877974	3.90845103394873E-11	1999.99999999995	5.7879519491355E-13	6.34430667466045E-06	0.000157098848586838	6.90342917361127E-07
0.0198126858195325	2.65104884741417E-11	1999.99999999996	3.88016267501933E-13	5.2290835250968E-06	0.000143140129389143	5.3809858478785E-07
0.0200128406181611	1.79768518709164E-11	1999.99999999997	2.60069880203716E-13	4.308869394741E-06	0.000136478758392321	3.83970588099695E-07
0.0202129252941209	1.21902138235604E-11	1999.99999999998	1.74343559636907E-13	3.55313693245967E-06	0.000136478758392321	2.19840188067472E-07
0.020413081934172	8.26399879597884E-12	1999.99999999998	1.16820492736E-13	2.92672584896792E-06	0.000133023039048482	0
0.0206131648165141	5.60245607305732E-12	1999.99999999998	7.82995725965144E-14	2.41461541210456E-06	0.000138174211702536	0
0.0208133232560607	3.79708993340235E-12	1999.99999999999	5.24782554724228E-14	1.99589470322521E-06	0.000147939448773692	0
0.0210134043617323	2.57360737261547E-12	1999.99999999999	3.52070895662605E-14	1.65790105163903E-06	0.000154106215490144	0
0.0212135646084353	1.74380480976356E-12	1999.99999999999	2.35288439195435E-14	1.35821897027911E-06	0.000139849111784541	0
0.0214136439546933	1.1816396273299E-12	1999.99999999999	1.57573907146118E-14	1.12586303286086E-06	0.000146357163187034	0
0.0216138060078702	8.00514952737839E-13	1999.99999999999	1.0564177309626E-14	9.41356466746594E-07	0.000110032692732666	0
0.0218138835805235	5.42358514921855E-13	2000	7.08179946039828E-15	7.92535549193765E-07	0	0
0.0220140474530595	3.67325598582017E-13	1999.99999999998	4.71132639536541E-15	6.51148593504729E-07	0.000181829456906326	0
0.0222141232593408	2.48782477193512E-13	1999.99999999999	3.1139893010323E-15	5.29278714892072E-07	0.000147939448773692	0
0.0224142889481812	1.68467026339347E-13	1999.99999999999	2.06163222309233E-15	4.38611616240524E-07	0.000133023039048482	0
0.0226143629817715	1.14126583796941E-13	1999.99999999997	1.39754032190515E-15	3.9257546349108E-07	0.000228372643235714	0
0.0228145305190156	7.72655001375652E-14	1999.99999999995	9.16085024013211E-16	3.23309630843757E-07	0.000310470427694333	0
0.0230146027613227	5.23383703980854E-14	1999.99999999994	6.21563116559972E-16	2.95674054664327E-07	0.000353266507043159	0
0.0232147721117373	3.54674145707873E-14	1999.99999999995	4.46209708488288E-16	2.92621708205813E-07	0.000308212430980288	0
0.023414842590147	2.39935412977074E-14	1999.99999999995	2.70038175056598E-16	2.117715376066E-07	0.000320797669092234	0
0.0236150104759637	1.61861195214642E-14	1999.99999999993	1.22779507165002E-16	4.76325818919796E-08	0.000366846169438822	0
0.0238150821955718	1.08586404165267E-14	1999.99999999992	-2.07772183710064E-17	0	0.000394374022928469	0
0.0240152482166401	7.32124931852404E-15	1999.99999999992	-4.23845955357263E-17	0	0.000412269778018381	0
0.0242153212478481	4.95100653430551E-15	1999.99999999991	-3.20982891555194E-17	0	0.000423414212814685	0
0.0244154859494416	3.37839407854603E-15	1999.99999999991	3.59664305729585E-18	0	0.000430503417348202	0
0.0246155603308848	2.30904852523786E-15	1999.99999999991	2.76414602907543E-17	7.77729359830869E-08	0.000435878199984305	0
0.0248157237182628	1.57825393917977E-15	1999.9999999999	3.38985655978544E-17	8.23324105868214E-08	0.00043854088937988	0
0.0250157994224481	1.07848080371402E-15	1999.9999999999	5.52658651903697E-17	1.02450842529965E-07	0.000441714929996647	1.06135701854161E-07
0.0252159615337966	6.70713903953184E-16	1999.9999999999	-6.52704677316296E-18	0	0.000443293427927672	0
0.0254160385449265	3.98070482806053E-16	1999.9999999999	-4.00516865551638E-17	0	0.000444342644609407	0
0.0256161993906514	2.67313727622819E-16	1999.9999999999	-7.21364110097474E-18	0	0.000444866324985146	1.35380968224445E-07
0.0258162776938405	1.50955507405905E-16	1999.9999999999	-3.2945812803379E-18	0	0.000445389389627882	1.82425436520328E-07
0.0260164372814157	-2.94488660255641E-17	1999.9999999999	-9.33430076121653E-17	0	0.000445911840704421	0
0.0262165168786133	-2.29488240161593E-17	1999.9999999999	-3.42219338041136E-17	0	0.000445911840704421	2.25668447082609E-07
0.0264166752151238	-6.83070299403695E-17	1999.9999999999	-3.52389068282622E-17	0	0.000445911840704421	2.57147709254901E-07
0.0266167560922695	-2.96358308253916E-17	1999.9999999999	3.65327986915627E-17	0	0.00044643368036889	3.60659469464488E-07
0.0268169131800435	1.65975087054954E-17	1999.9999999999	1.14244892272918E-16	0	0.00044643368036889	4.51467788540754E-07
0.0270169953379098	2.45023766417822E-18	1999.9999999999	1.26555643920315E-16	0	0.00044643368036889	4.8316593170212E-07
0.0272171511829594	5.45929059396555E-17	1999.9999999999	1.94436212364698E-16	1.56258201780803E-07	0.00044643368036889	5.42753927611139E-07
0.0274172346191297	1.17486975540111E-16	1999.9999999999	2.68788675242814E-16	2.65088619916701E-07	0.00044643368036889	6.00791329702934E-07
0.0276173892110246	9.12047045536467E-17	1999.9999999999	2.58162023159305E-16	2.40371924393132E-07	0.00044643368036889	6.07189313755196E-07
0.027817473742242	1.77254009913457E-16	1999.9999999999	3.52907947679793E-16	3.44523556237227E-07	0.00044643368036889	6.64984266842377E-07
0.0280176272770464	2.43805724656327E-16	1999.9999999999	4.275143131125E-16	4.08529335946763E-07	0.00044643368036889	7.10512330324452E-07
0.0282177124007942	3.16655559975832E-16	1999.9999999999	5.04927191057146E-16	4.59858363045929E-07	0.00044643368036889	7.53808025271836E-07
0.0284178653851731	3.63062166368536E-16	1999.9999999999	5.56027494106321E-16	4.98123609845372E-07	0.00044643368036889	7.8103437682648E-07
0.0286179510636987	3.09546411137633E-16	1999.9999999999	5.02212616471326E-16	4.65737534622182E-07	0.00044643368036889	7.62586146822412E-07
0.0288181035255935	2.92321449931342E-16	1999.9999999999	4.82704938992381E-16	4.45268189442189E-07	0.00044643368036889	7.55539850745804E-07
0.0290181897294657	3.42101839179034E-16	1999.9999999999	5.40427406831511E-16	4.86495128066405E-07	0.00044643368036889	7.81676690234562E-07
0.0292183416935625	4.03533930485786E-16	1999.9999999999	5.97582285467978E-16	5.23503755070227E-07	0.00044643368036889	8.05406284966091E-07
0.0294184283960418	3.68780156257091E-16	1999.9999999999	5.61934678973296E-16	4.97602358088807E-07	0.00044643368036889	7.88601503554897E-07
0.0296185798909311	4.47756327558123E-16	1999.9999999999	6.33581113701601E-16	5.48405664039234E-07	0.00044643368036889	8.19040094444826E-07
0.029818667064321	4.46203445179735E-16	1999.9999999999	6.24003736164656E-16	5.47245812645213E-07	0.00044643368036889	8.08764342076961E-07
0.0300188181140982	4.13444239183532E-16	1999.9999999999	5.80162320341057E-16	5.23805853542512E-07	0.00044643368036889	7.85011110869272E-07
0.0302189057335139	4.41889568998047E-16	1999.9999999999	6.06336594397211E-16	5.41433285837208E-07	0.00044643368036889	7.97004994323484E-07
0.0304190563611774	4.07320468433139E-16	1999.9999999999	5.75920488416045E-16	5.194077933209E-07	0.00044643368036889	7.80946075602998E-07
0.0306191444039518	4.33184844344785E-16	1999.9999999999	6.00956123608452E-16	5.33105210479439E-07	0.00044643368036889	7.91883411938086E-07
0.030819294629647	4.19724361621321E-16	1999.9999999999	5.94360293037802E-16	5.24955810741286E-07	0.00044643368036889	7.8889021804769E-07
0.0310193830753486	4.3416610122313E-16	1999.9999999999	6.12009212293192E-16	5.30344016385251E-07	0.00044643368036889	8.00543864576108E-07
0.0312195329213216	4.03204885442821E-16	1999.9999999999	5.92681533426158E-16	5.1074790776648E-07	0.00044643368036889	7.9985904784209E-07
0.0314196217480539	3.80830464860033E-16	1999.9999999999	5.8250261605145E-16	4.94487953421726E-07	0.00044643368036889	7.98516653468811E-07
0.0316197712315049	4.12475382544456E-16	1999.9999999999	6.31635832624593E-16	5.09712444829215E-07	0.00044643368036889	8.27616809391678E-07
0.0318198607889877	4.59555930949277E-16	1999.9999999999	6.90888543808588E-16	5.39640035240226E-07	0.00044643368036889	8.6087702413491E-07
0.0320200095683098	5.79445508680494E-16	1999.9999999999	8.25046385885708E-16	6.03231786202577E-07	0.00044643368036889	9.23048709833901E-07
0.0322201001050549	5.56064585281963E-16	1999.9999999999	8.25261040062227E-16	5.89344753581856E-07	0.00044643368036889	9.3797428942232E-07
0.0324202480471801	5.32931400858984E-16	1999.9999999999	8.30137665424983E-16	5.71960968698567E-07	0.00044643368036889	9.54572315728365E-07
0.0326203394173167	5.27019883245068E-16	1999.9999999999	8.59516316587525E-16	5.69173151000058E-07	0.00044643368036889	9.8331653771525E-07
0.0328204865875159	5.25887170255245E-16	1999.9999999999	8.82102493727237E-16	5.61252353481054E-07	0.00044643368036889	1.01216750783497E-06
0.0330205787342274	4.56429715373712E-16	1999.9999999999	8.46807841517479E-16	5.13442631983787E-07	0.00044643368036889	1.02125392711672E-06
0.0332207251517171	4.20402170027889E-16	1999.9999999999	8.5482603171282E-16	4.90396652924865E-07	0.00044643368036889	1.04702804422824E-06
0.0334208180427692	4.5229806871806E-16	1999.9999999999	9.20495219069827E-16	5.10017565507231E-07	0.00044643368036889	1.0940657455614E-06
0.0336209637348165	5.23814268993644E-16	1999.9999999999	1.02913287851572E-15	5.52693317772791E-07	0.00044643368036889	1.14768109288874E-06
0.0338210573304603	4.62439128609962E-16	1999.9999999999	1.00406637758811E-15	5.11761750115689E-07	0.00044643368036889	1.16367973892528E-06
0.0340212023362817	3.81836992460743E-16	1999.9999999999	9.60220813288383E-16	4.58326245135743E-07	0.00044643368036889	1.1733757588584E-06
0.0342212966109569	3.83749837393078E-16	1999.9999999999	1.00361388654349E-15	4.61105050490361E-07	0.00044643368036889	1.20755329169991E-06
0.0344214409549185	4.02385813545044E-16	1999.9999999999	1.05018979190831E-15	4.74360861056324E-07	0.00044643368036889	1.24104714060203E-06
0.0346215358780247	4.14319953218077E-16	1999.9999999999	1.10269553348975E-15	4.81185910717259E-07	0.00044643368036889	1.2744111584139E-06
0.034821679589878	3.46590539719369E-16	1999.9999999999	1.07422747177768E-15	4.3671897809792E-07	0.00044643368036889	1.28544304555698E-06
0.0350217751404954	2.61676736789224E-16	1999.9999999999	1.01541879841979E-15	3.69006495672007E-07	0.00044643368036889	1.28881638594996E-06
0.0352219182413675	2.29505685375514E-16	1999.9999999999	1.01596849271108E-15	3.33881199501794E-07	0.00044643368036889	1.30373516402304E-06
0.0354220143912819	2.01512856788996E-16	1999.9999999999	1.02036887848747E-15	3.16796268084366E-07	0.00044643368036889	1.32201631401012E-06
0.0356221569083908	1.72307112627791E-16	1999.9999999999	1.01977022599125E-15	2.84552145123075E-07	0.00044643368036889	1.33514723366384E-06
0.0358222544503586	1.94508349612316E-16	1999.9999999999	1.06580291023285E-15	3.1275780416333E-07	0.00044643368036889	1.36012339599961E-06
0.0360223955956647	1.17097191914856E-16	1999.9999999999	1.01293652478164E-15	2.15218300095622E-07	0.00044643368036889	1.36113086917172E-06
0.0362224956854649	1.12653954088551E-16	1999.9999999999	1.03901036599851E-15	2.09979102259905E-07	0.00044643368036889	1.37793815893231E-06
0.0364226345904998	1.98736390608451E-16	1999.9999999999	1.1502763889968E-15	3.17545227947535E-07	0.00044643368036889	1.41660851034508E-06
0.0366227369304564	2.26352993132209E-16	1999.9999999999	1.20226741978317E-15	3.54975115990526E-07	0.00044643368036889	1.43965783505682E-06
0.0368228736094195	2.59342535117922E-16	1999.9999999999	1.26139646398914E-15	3.79837360186723E-07	0.00044643368036889	1.46439386588812E-06
0.0370229781615257	3.41133485757133E-16	1999.9999999999	1.3698350642472E-15	4.45297585133749E-07	0.00044643368036889	1.49830650534003E-06
0.0372231126518033	3.54956545469766E-16	1999.9999999999	1.41087498780152E-15	4.54591113985613E-07	0.00044643368036889	1.51836752158901E-06
0.0374232194075798	2.92685677767959E-16	1999.9999999999	1.37891445044052E-15	4.0819847125186E-07	0.00044643368036889	1.52267958616825E-06
0.0376233517169213	3.41705743816152E-16	1999.9999999999	1.46165533639993E-15	4.47284647156725E-07	0.00044643368036889	1.54945527384589E-06
0.0378234606421031	3.54553402049834E-16	1999.9999999999	1.49835562499056E-15	4.56512904542375E-07	0.00044643368036889	1.56797569054489E-06
0.0380235908062732	3.52263202030525E-16	1999.9999999999	1.52625133994752E-15	4.58353680958871E-07	0.00044643368036889	1.58550300870881E-06
0.0382237019227514	2.80451401673596E-16	1999.9999999999	1.48676638118508E-15	4.06677667337259E-07	0.00044643368036889	1.590241553479E-06
0.0384238299157476	2.17698612607364E-16	1999.9999999999	1.44918882103329E-15	3.46053717236684E-07	0.00044643368036889	1.59203405173791E-06
0.0386239431898014	2.20482368847919E-16	1999.9999999999	1.48336742205793E-15	3.50162350568122E-07	0.00044643368036889	1.61073905351733E-06
0.0388240690480997	2.58350450472087E-16	1999.9999999999	1.55028610546314E-15	3.91310233428319E-07	0.00044643368036889	1.63517380903491E-06
0.0390241844759624	1.73110506988124E-16	1999.9999999999	1.4902896221993E-15	3.16526274969376E-07	0.00044643368036889	1.6340390497767E-06
0.039224308201937	1.986799177259E-16	1999.9999999999	1.5416722270724E-15	3.49414877449137E-07	0.00044643368036889	1.65513610581826E-06
0.0394244257741591	2.1846913191225E-16	1999.9999999999	1.58361763695709E-15	3.627302697949E-07	0.00044643368036889	1.6734945966913E-06
0.0396245473831355	2.26324220363759E-16	1999.9999999999	1.61742584017742E-15	3.80118550421808E-07	0.00044643368036889	1.68888148822094E-06
0.039824667603964	2.6383000617024E-16	1999.9999999999	1.67862702578364E-15	4.15788883278359E-07	0.00044643368036889	1.70965625425871E-06
0.0400247865861509	3.06058424950061E-16	1999.9999999999	1.74404329950391E-15	4.47922296843226E-07	0.00044643368036889	1.73054458259341E-06
0.0402249102756253	2.25832881462583E-16	1999.9999999999	1.6884827526943E-15	3.86118757927786E-07	0.00044643368036889	1.72684464853458E-06
0.0404250259687842	2.77652710615039E-16	1999.9999999999	1.76191989756759E-15	4.26222328239754E-07	0.00044643368036889	1.74790252099905E-06
0.0406251529705129	2.9658316968748E-16	1999.9999999999	1.79648769102131E-15	4.42593891820167E-07	0.00044643368036889	1.76325551847865E-06
0.0408252654064318	3.49271736947456E-16	1999.9999999999	1.87598094207417E-15	4.8085280361843E-07	0.00044643368036889	1.78604150645814E-06
0.0410253956560504	3.54292541918826E-16	1999.9999999999	1.9028619164192E-15	4.80223704573711E-07	0.00044643368036889	1.7997024328182E-06
0.0412255048760914	3.52867478918418E-16	1999.9999999999	1.92913345409496E-15	4.77112815019032E-07	0.00044643368036889	1.81455205099506E-06
0.041425638412828	2.49005323841522E-16	1999.9999999999	1.85137658120357E-15	3.94681984515939E-07	0.00044643368036889	1.80972859273544E-06
0.041625744379307	2.59577804485459E-16	1999.9999999999	1.89013852847478E-15	3.98706011795171E-07	0.00044643368036889	1.82689731919698E-06
0.0418258811670848	2.50532897899636E-16	1999.9999999999	1.90621573173686E-15	3.86709704806776E-07	0.00044643368036889	1.84146365366649E-06
0.0420259839165654	2.69607799468136E-16	1999.9999999999	1.95593555279587E-15	3.97085334324016E-07	0.00044643368036889	1.86230724881764E-06
0.0422261239886823	2.69596723694569E-16	1999.9999999999	1.99249163189446E-15	3.91669088758169E-07	0.00044643368036889	1.88085238994675E-06
0.0424262234931701	2.05817830085885E-16	1999.9999999999	1.9555802602693E-15	3.28275303613603E-07	0.00044643368036889	1.88690347228825E-06
0.042626366808962	1.18534493459925E-16	1999.9999999999	1.90097500824668E-15	2.15208797472571E-07	0.00044643368036889	1.89184667484249E-06
0.0428264631079795	9.552814094491E-17	1999.9999999999	1.91806747102621E-15	1.57855267735404E-07	0.00044643368036889	1.90788296151064E-06
0.0430266097173336	1.18818366629254E-16	1999.9999999999	1.97914247696437E-15	2.00257687881905E-07	0.00044643368036889	1.9319087579083E-06
0.0432267027628122	2.14048888811586E-16	1999.9999999999	2.10938047633498E-15	3.2287588995516E-07	0.00044643368036889	1.96668944489595E-06
0.0434268526712202	1.78863799636181E-16	1999.9999999999	2.09815297831235E-15	2.86774929589514E-07	0.00044643368036889	1.97820784594005E-06
0.043626942467139	2.34966934549244E-16	1999.9999999999	2.18902625135509E-15	3.4182128839519E-07	0.00044643368036889	2.0050795751394E-06
0.043827094538487	1.44596619185237E-16	1999.9999999999	2.13242539163469E-15	2.51239511243769E-07	0.00044643368036889	2.00710021722149E-06
0.044027182202469	1.34980480823533E-16	1999.9999999999	2.15750635191302E-15	2.42744406265119E-07	0.00044643368036889	2.02222183576338E-06
0.044227335858897	1.56227589714417E-16	1999.9999999999	2.20341178026853E-15	2.6763149083782E-07	0.00044643368036889	2.04175708538012E-06
0.044427421711055	1.36299732503E-16	1999.9999999999	2.21051809668887E-15	2.40324223165456E-07	0.00044643368036889	2.05274767676663E-06
0.044627577192155	1.65306615293443E-16	1999.9999999999	2.26170611219055E-15	2.8731489079477E-07	0.00044643368036889	2.07090496959918E-06
0.0448276612149907	1.92751021385687E-16	1999.9999999999	2.30973343401275E-15	3.22647077694457E-07	0.00044643368036889	2.08720625816287E-06
0.0450278185035177	1.64440620539863E-16	1999.9999999999	2.3013665565265E-15	2.87123158694769E-07	0.00044643368036889	2.09413447783453E-06
0.0452279007456743	7.05891372924733E-17	1999.9999999999	2.21998106825384E-15	1.59798403263167E-07	0.00044643368036889	2.08816501414851E-06
0.0454280598714186	9.26649902268578E-17	1999.9999999999	2.25519666419718E-15	2.14009706861335E-07	0.00044643368036889	2.09869017869019E-06
0.0456281403210573	1.12393064512267E-16	1999.9999999999	2.2884021131287E-15	2.45923347180375E-07	0.00044643368036889	2.10793004118084E-06
0.0458283012353476	9.66679371219389E-17	1999.9999999999	2.27230712749782E-15	2.28987423437982E-07	0.00044643368036889	2.10879522659808E-06
0.0460283799356677	6.26877628840607E-17	1999.9999999999	2.23699902508146E-15	1.78992161907855E-07	0.00044643368036889	2.1056554345499E-06
0.0462285426612613	1.07240340622554E-16	1999.9999999999	2.28445340755429E-15	2.52265820768972E-07	0.00044643368036889	2.11450698688678E-06
0.0464286195934382	1.40003943898044E-16	1999.9999999999	2.31623989547483E-15	3.01576385526526E-07	0.00044643368036889	2.11944544300681E-06
0.0466287841209649	2.52056780898493E-16	1999.9999999999	2.42080571131379E-15	4.06704450203781E-07	0.00044643368036889	2.13452395825869E-06
0.0468288593040417	1.74076604342434E-16	1999.9999999999	2.33077006518753E-15	3.32894001001481E-07	0.00044643368036889	2.11934621773354E-06
0.047029025669398	1.17190238421934E-16	1999.9999999999	2.26553335081955E-15	2.73840394896215E-07	0.00044643368036889	2.10657237017708E-06
0.0472290990559931	1.25299497709292E-16	1999.9999999999	2.25890228219796E-15	2.84486356493301E-07	0.00044643368036889	2.10248482027761E-06
0.0474292672604721	1.20112467906429E-16	1999.9999999999	2.24070969598455E-15	2.73931877740342E-07	0.00044643368036889	2.09581719654113E-06
0.0476293388655808	8.98500771545417E-17	1999.9999999999	2.18963736668461E-15	2.41053547030918E-07	0.00044643368036889	2.08437430390347E-06
0.0478295068618609	-7.69197055182311E-18	1999.9999999999	2.07683013924146E-15	0	0.00044643368036889	2.06112731802183E-06
0.0480295786240223	2.23954245735149E-19	1999.9999999999	2.06428516373349E-15	0	0.00044643368036889	2.05514956662007E-06
0.0482297445805619	-1.0931900405343E-16	1999.9999999999	1.93571487010123E-15	0	0.00044643368036889	2.03097594861398E-06
0.0484298176630765	-5.62887596460048E-17	1999.9999999999	1.96997901632581E-15	0	0.00044643368036889	2.03143681971237E-06
0.0486299823301422	1.17955095000122E-17	1999.9999999999	2.02542028847003E-15	4.55652525713608E-08	0.00044643368036889	2.0357932795466E-06
0.0488300567343087	3.8681345528329E-17	1999.9999999999	2.03328285308535E-15	1.3396888472557E-07	0.00044643368036889	2.03162775308427E-06
0.0490302200895526	5.51261931666197E-17	1999.9999999999	2.03589134559747E-15	1.81887808518419E-07	0.00044643368036889	2.02639232130176E-06
0.0492302958204111	-4.37962155973521E-17	1999.9999999999	1.91012608949816E-15	0	0.00044643368036889	2.00036226145207E-06
0.0494304578875576	-9.36186678974334E-18	1999.9999999999	1.92965055083869E-15	0	0.00044643368036889	1.99695171559453E-06
0.0496305349300872	2.62555487906597E-17	1999.9999999999	1.94540795872482E-15	1.13818247871419E-07	0.00044643368036889	1.99326893800287E-06
0.0498306957320103	-2.02274857683062E-17	1999.9999999999	1.87215012736527E-15	0	0.00044643368036889	1.97472676185731E-06
0.0500307740701457	-6.63987711506713E-17	1999.9999999999	1.80279124292124E-15	0	0.00044643368036889	1.95604541415518E-06
0.0502309336032849	-8.41155003644493E-17	1999.9999999999	1.76570836475715E-15	0	0.00044643368036889	1.94300314387766E-06
0.0504310132383212	-1.6219027616553E-16	1999.9999999999	1.66758480100305E-15	0	0.00044643368036889	1.9187854951431E-06
0.0506311715209413	-1.44321544016348E-16	1999.9999999999	1.66872004751433E-15	0	0.00044643368036889	1.91099640041845E-06
0.0508312524368879	-1.39468820599932E-16	1999.9999999999	1.6522730631494E-15	0	0.00044643368036889	1.90081474656544E-06
0.0510314094713111	-1.5521331440915E-16	1999.9999999999	1.61802267948647E-15	0	0.00044643368036889	1.88732847622267E-06
0.0512314916679613	-1.70377323606244E-16	1999.9999999999	1.57866180233614E-15	0	0.00044643368036889	1.87243446753193E-06
0.0514316474617704	-1.51968682862678E-16	1999.9999999999	1.56919523176685E-15	0	0.00044643368036889	1.86277464833925E-06
0.0516317309354403	-1.54847196168362E-16	1999.9999999999	1.5478324920758E-15	0	0.00044643368036889	1.85035437369624E-06
0.051831885481367	-1.43350910785041E-16	1999.9999999999	1.53549471017099E-15	0	0.00044643368036889	1.83905815722853E-06
0.0520319702381968	-1.27094042679349E-16	1999.9999999999	1.53042842925318E-15	0	0.00044643368036889	1.82778733224326E-06
0.0522321235352359	4.40332293215307E-17	1999.9999999999	1.67521901940451E-15	1.83329208058382E-07	0.00044643368036889	1.84471374820033E-06
0.0524322089133895	5.79403614860938E-17	1999.9999999999	1.66136328384168E-15	1.96671613470313E-07	0.00044643368036889	1.83264029112333E-06
0.0526323616302021	8.96775001871829E-17	1999.9999999999	1.6676667121789E-15	2.52218286945675E-07	0.00044643368036889	1.82287264076854E-06
0.0528324475714776	3.46604463801276E-17	1999.9999999999	1.59484229483118E-15	1.70544820723366E-07	0.00044643368036889	1.79910324811254E-06
0.053032599759414	-7.20340470507714E-18	1999.9999999999	1.52155584565501E-15	2.76127774864567E-08	0.00044643368036889	1.77498791128249E-06
0.0532326862339109	-4.17017367745924E-17	1999.9999999999	1.45846549514221E-15	0	0.00044643368036889	1.7531101373348E-06
0.0534328379146793	-2.79166752288449E-18	1999.9999999999	1.47377165150529E-15	8.97355400350001E-08	0.00044643368036889	1.74359812646911E-06
0.0536329248977575	3.51895969254728E-17	1999.9999999999	1.4926970689137E-15	1.82516336572158E-07	0.00044643368036889	1.7363561343472E-06
0.0538330761015287	-3.26571033172185E-17	1999.9999999999	1.38939735136083E-15	0	0.00044643368036889	1.70553609952152E-06
0.0540331635631739	-1.14999376872029E-16	1999.9999999999	1.29056777417668E-15	0	0.00044643368036889	1.67567986911581E-06
0.0542333143101209	-1.19074290804665E-16	1999.9999999999	1.26372517835505E-15	0	0.00044643368036889	1.65971573184125E-06
0.054433402229444	-1.616590493769E-16	1999.9999999999	1.19519650504463E-15	0	0.00044643368036889	1.63602642610621E-06
0.0546335525501945	-1.90472338905489E-16	1999.9999999999	1.14752154752108E-15	0	0.00044643368036889	1.61748399753253E-06
0.0548336408968405	-1.96780823207249E-16	1999.9999999999	1.12310994967274E-15	0	0.00044643368036889	1.60245599243897E-06
0.0550337908101978	-2.31176670401172E-16	1999.9999999999	1.0694663125643E-15	0	0.00044643368036889	1.58218458546677E-06
0.0552338795652609	-2.85980472590945E-16	1999.9999999999	1.00380890212555E-15	0	0.00044643368036889	1.56074692030258E-06
0.0554340290945681	-2.95963424511068E-16	1999.9999999999	9.73506825558492E-16	0	0.00044643368036889	1.54633328546032E-06
0.0556341182348239	-2.62641764390217E-16	1999.9999999999	9.95465204067035E-16	0	0.00044643368036889	1.54435889888533E-06
0.0558342673968616	-3.45991401980624E-16	1999.9999999999	8.97708315323554E-16	0	0.00044643368036889	1.51566712038283E-06
0.0560343569058423	-2.90141957682951E-16	1999.9999999999	9.42336444986366E-16	0	0.00044643368036889	1.51844587859868E-06
0.0562345057223256	-2.33198871152693E-16	1999.9999999999	9.91449068822118E-16	0	0.00044643368036889	1.52271398915155E-06
0.0564345961821277	-3.4653533062712E-16	1999.9999999999	8.68131066060126E-16	0	0.00044643368036889	1.48863206953912E-06
0.056634744140572	-3.12231618052826E-16	1999.9999999999	8.93290246983108E-16	0	0.00044643368036889	1.48887270685985E-06
0.0568348354897366	-2.59402437056166E-16	1999.9999999999	9.35761873352669E-16	0	0.00044643368036889	1.49324924641423E-06
0.057034982672677	-1.60853926187259E-16	1999.9999999999	1.01690283795261E-15	0	0.00044643368036889	1.50584801351301E-06
0.0572350748086357	-1.53761675263486E-16	1999.9999999999	1.01663728202909E-15	0	0.00044643368036889	1.50065325322575E-06
0.0574352212253075	-1.53089047068349E-16	1999.9999999999	1.0159169937026E-15	0	0.00044643368036889	1.4961133698267E-06
0.0576353141172783	-8.58303668219186E-17	1999.9999999999	1.06850804236248E-15	0	0.00044643368036889	1.5034109693676E-06
0.0578354598023515	-1.20000832884671E-16	1999.9999999999	1.02060410227709E-15	0	0.00044643368036889	1.48851311701196E-06
0.0580355534106594	-1.307775909413E-16	1999.9999999999	1.00836946441083E-15	0	0.00044643368036889	1.48040362032595E-06
0.0582356983969005	-1.46370651053611E-16	1999.9999999999	9.86121764111688E-16	0	0.00044643368036889	1.4718534990366E-06
0.0584357926910866	-1.2026459789731E-16	1999.9999999999	1.00373130231759E-15	0	0.00044643368036889	1.47100754131172E-06
0.0586359370093134	-1.03738582706104E-16	1999.9999999999	1.00830259130427E-15	0	0.00044643368036889	1.46691269793286E-06
0.0588360319635853	-1.37504992564649E-16	1999.9999999999	9.68831244933364E-16	0	0.00044643368036889	1.45272265359901E-06
0.0590361756374989	-1.47752482421413E-16	1999.9999999999	9.55953133960737E-16	0	0.00044643368036889	1.44373004476084E-06
0.0592362712231998	-2.20592209238409E-16	1999.9999999999	8.7130389888091E-16	0	0.00044643368036889	1.42086732294373E-06
0.0594364142826079	-3.32909710182012E-16	1999.9999999999	7.50027967287632E-16	0	0.00044643368036889	1.38576246573352E-06
0.0596365104739106	-2.40838424647282E-16	1999.9999999999	8.39280987769451E-16	0	0.00044643368036889	1.40268223932326E-06
0.0598366529435409	-2.4662244773741E-16	1999.9999999999	8.3896723988657E-16	0	0.00044643368036889	1.39675374868986E-06
0.0600367501341364	-2.4214072633971E-16	1999.9999999999	8.33664085708707E-16	0	0.00044643368036889	1.39156934880109E-06
0.0602368916202486	-2.00253659973183E-16	1999.9999999999	8.69614435375597E-16	0	0.00044643368036889	1.39575286909397E-06
0.0604369913599504	-2.25979866292953E-16	1999.9999999999	8.3835280140573E-16	0	0.00044643368036889	1.3847130790997E-06
0.0606371304279298	-2.40675177820951E-16	1999.9999999999	8.36565412853285E-16	0	0.00044643368036889	1.38145478744765E-06
0.0608372326016101	-1.75473484656792E-16	1999.9999999999	8.85096909387893E-16	0	0.00044643368036889	1.39217016889565E-06
0.0610373694343739	-1.53982023645439E-16	1999.9999999999	9.0966753325868E-16	0	0.00044643368036889	1.39572290772962E-06
0.0612374738481112	-2.12004371322714E-17	1999.9999999999	1.04262615126532E-15	7.09455480479449E-08	0.00044643368036889	1.42797699742068E-06
0.0614376084662366	-3.31246138537173E-17	1999.9999999999	1.03134878376245E-15	0	0.00044643368036889	1.42712700965737E-06
0.0616377150908956	-7.9385455745518E-17	1999.9999999999	9.96458065138418E-16	0	0.00044643368036889	1.41956756887612E-06
0.0618378475203791	-5.84550599257177E-18	1999.9999999999	1.06710379597806E-15	5.95721538896762E-08	0.00044643368036889	1.43906040871268E-06
0.0620379563340721	5.18328279870106E-17	1999.9999999999	1.13002939305885E-15	2.00642939916615E-07	0.00044643368036889	1.45792816006553E-06
0.062238086600845	1.46825994094399E-16	1999.9999999999	1.23486971155448E-15	3.24356560355989E-07	0.00044643368036889	1.48658830170824E-06
0.0624381975830703	1.40177898662124E-16	1999.9999999999	1.23389428185451E-15	3.13902165306414E-07	0.00044643368036889	1.49044568795547E-06
0.0626383257003058	-1.88623626921038E-18	1999.9999999999	1.10408498875758E-15	5.55889963243449E-08	0.00044643368036889	1.46551531064659E-06
0.0628384388382364	-1.37324768776706E-17	1999.9999999999	1.09609512352561E-15	0	0.00044643368036889	1.46783696697224E-06
0.0630385648252599	2.19237609979452E-18	1999.9999999999	1.12013665794279E-15	9.17624997593053E-08	0.00044643368036889	1.47712797083594E-06
0.0632386801172608	3.12087093630844E-17	1999.9999999999	1.15740529691836E-15	1.60642805355951E-07	0.00044643368036889	1.48981962327058E-06
0.0634388039675882	-8.93466980617775E-18	1999.9999999999	1.11678990044922E-15	0	0.00044643368036889	1.48547109131127E-06
0.0636389214141868	1.01394534723683E-16	1999.9999999999	1.2326951165772E-15	2.79065718565525E-07	0.00044643368036889	1.51325370162393E-06
0.0638390431368449	1.50307966985835E-16	1999.9999999999	1.28491462659689E-15	3.38657739382815E-07	0.00044643368036889	1.52820666941183E-06
0.0640391628195557	1.93301819399459E-16	1999.9999999999	1.33092202785246E-15	3.78152577575668E-07	0.00044643368036889	1.54009140209303E-06
0.0642392823281502	2.32614202165532E-16	1999.9999999999	1.37117913005668E-15	4.14957435409926E-07	0.00044643368036889	1.55047429804076E-06
0.0644394055027813	2.26565439099475E-16	1999.9999999999	1.37098634170026E-15	4.13352278722912E-07	0.00044643368036889	1.55192243634479E-06
0.0646395216597198	2.80656459110909E-16	1999.9999999999	1.41854153528459E-15	4.50774291217314E-07	0.00044643368036889	1.56270037803649E-06
0.0648396482067093	2.06463679703616E-16	1999.9999999999	1.33814636747347E-15	3.95770230986859E-07	0.00044643368036889	1.54484370620598E-06
0.0650397610837698	1.92378409719261E-16	1999.9999999999	1.31417776602665E-15	3.73185120066812E-07	0.00044643368036889	1.53871925883942E-06
0.06523989088501	2.42772920619008E-16	1999.9999999999	1.36036216072731E-15	4.12984327449146E-07	0.00044643368036889	1.54736141880466E-06
0.0654400005423045	3.101247768042E-16	1999.9999999999	1.41778753371035E-15	4.57384243888672E-07	0.00044643368036889	1.55930940631851E-06
0.065640133609213	3.5358500082176E-16	1999.9999999999	1.46026688114117E-15	4.85406195595922E-07	0.00044643368036889	1.56561004489618E-06
0.0658402400320242	3.89386685713346E-16	1999.9999999999	1.48581906409768E-15	5.10035376317369E-07	0.00044643368036889	1.57122012117799E-06
0.0660403763512835	4.97964942055186E-16	1999.9999999999	1.59467182277166E-15	5.7662401989436E-07	0.00044643368036889	1.5940450879913E-06
0.0662404795640524	4.36160504212167E-16	1999.9999999999	1.5310439115451E-15	5.31432273417484E-07	0.00044643368036889	1.58280847770293E-06
0.0664406191494161	4.98111245132224E-16	1999.9999999999	1.59438175726352E-15	5.65857953726509E-07	0.00044643368036889	1.59546141332497E-06
0.0666407191191336	4.11157473986473E-16	1999.9999999999	1.51497863382801E-15	5.0987436304392E-07	0.00044643368036889	1.58129594331209E-06
0.0668408619753012	3.95460231400128E-16	1999.9999999999	1.50369370053716E-15	4.96466382891684E-07	0.00044643368036889	1.58040060309567E-06
0.0670409587179047	3.98564139520295E-16	1999.9999999999	1.51222965227309E-15	4.9678405994722E-07	0.00044643368036889	1.58673031130844E-06
0.0672411048473067	4.14778857206056E-16	1999.9999999999	1.53470685234508E-15	5.0986238099145E-07	0.00044643368036889	1.59324223705642E-06
0.067441198351107	3.74844212648423E-16	1999.9999999999	1.50023635275712E-15	4.81882858737136E-07	0.00044643368036889	1.59003687240014E-06
0.0676413478039128	2.92041739709475E-16	1999.9999999999	1.41746536672324E-15	4.2060908771099E-07	0.00044643368036889	1.57467870931983E-06
0.0678414380383045	3.0215828060017E-16	1999.9999999999	1.43509651108143E-15	4.27543142908353E-07	0.00044643368036889	1.58347928928847E-06
0.0680415907335304	2.22247213480819E-16	1999.9999999999	1.36859628173462E-15	3.61636309448353E-07	0.00044643368036889	1.57182903683527E-06
0.0682416777631697	2.3864595146351E-16	1999.9999999999	1.3862656808787E-15	3.76279971216039E-07	0.00044643368036889	1.57896762201472E-06
0.0684418320339035	2.26229873532315E-16	1999.9999999999	1.37647104237785E-15	3.57599651864209E-07	0.00044643368036889	1.57975136580769E-06
0.0686419173571576	2.1430535478629E-16	1999.9999999999	1.37132153298653E-15	3.50296109666169E-07	0.00044643368036889	1.58107129962801E-06
0.068842073368966	1.93275979518638E-16	1999.9999999999	1.35540508740569E-15	3.31010477326897E-07	0.00044643368036889	1.5798807566954E-06
0.0690421568432758	2.07223327511378E-16	1999.9999999999	1.36740544498346E-15	3.41067267043901E-07	0.00044643368036889	1.58515978071207E-06
0.0692423146606477	1.4915675478772E-16	1999.9999999999	1.32422159319099E-15	2.8065744482231E-07	0.00044643368036889	1.57782901985557E-06
0.0694423963707345	2.02019130988886E-16	1999.9999999999	1.36951661931008E-15	3.40802402579517E-07	0.00044643368036889	1.59009602185021E-06
0.0696425560106412	2.25098835834313E-16	1999.9999999999	1.39115432706231E-15	3.5903943503552E-07	0.00044643368036889	1.59686949605753E-06
0.0698426359217863	1.78499220350405E-16	1999.9999999999	1.34751498649684E-15	3.12402927536345E-07	0.00044643368036889	1.58652239011448E-06
0.070042797383075	1.23760637048573E-16	1999.9999999999	1.29899867315744E-15	2.44223181769672E-07	0.00044643368036889	1.57806502617188E-06
0.0702428755201711	1.84004992191846E-16	1999.9999999999	1.36419267483922E-15	3.12036375474768E-07	0.00044643368036889	1.59381876901949E-06
0.0704430387899152	1.43897009891815E-16	1999.9999999999	1.32707913395042E-15	2.74139924932716E-07	0.00044643368036889	1.58800528468702E-06
0.0706431151562566	1.20660351790135E-16	1999.9999999999	1.3138166790349E-15	2.30562450390229E-07	0.00044643368036889	1.58465690267454E-06
0.0708432802527003	1.20592875854212E-16	1999.9999999999	1.31020393113586E-15	2.30348807612538E-07	0.00044643368036889	1.58505581161996E-06
0.0710433548530001	6.54544081330978E-17	1999.9999999999	1.25647413840791E-15	1.28093453206328E-07	0.00044643368036889	1.5755832922671E-06
0.0712435217595296	7.07758145603973E-17	1999.9999999999	1.25538897187916E-15	1.41990081583169E-07	0.00044643368036889	1.57669428675003E-06
0.0714435945876013	6.99384531313259E-17	1999.9999999999	1.2631369956819E-15	1.46779861916057E-07	0.00044643368036889	1.57799110279799E-06
0.0716437633208362	1.22920168139982E-16	1999.9999999999	1.31941347173347E-15	2.3990738837254E-07	0.00044643368036889	1.59027391881565E-06
0.0718438343783872	9.96742858775822E-17	1999.9999999999	1.29264865541509E-15	2.08026767550381E-07	0.00044643368036889	1.58550837950523E-06
0.0720440037074796	1.32489298714461E-16	1999.9999999999	1.33115873489173E-15	2.59141361204818E-07	0.00044643368036889	1.59340620076724E-06
0.0722440742143722	7.69675800885451E-17	1999.9999999999	1.27990491649375E-15	1.80979751804617E-07	0.00044643368036889	1.58291306179222E-06
0.0724442414093825	9.31120637249558E-17	1999.9999999999	1.30075389232634E-15	2.16463052487117E-07	0.00044643368036889	1.58712031751485E-06
0.0726443136808795	8.8383411637184E-17	1999.9999999999	1.29175173118794E-15	2.07044163771428E-07	0.00044643368036889	1.58476649402506E-06
0.0728444791551244	1.57861938157373E-16	1999.9999999999	1.37300396542346E-15	3.06461038530986E-07	0.00044643368036889	1.60041050590562E-06
0.0730445527411154	1.94354226028385E-16	1999.9999999999	1.4083173236029E-15	3.42484700461666E-07	0.00044643368036889	1.60647704825181E-06
0.0732447168948743	1.85504216329434E-16	1999.9999999999	1.39299162757705E-15	3.40371688651478E-07	0.00044643368036889	1.60230993918847E-06
0.0734447918213077	2.09382383609954E-16	1999.9999999999	1.41908154288295E-15	3.69808966164604E-07	0.00044643368036889	1.60647234108233E-06
0.0736449546773462	1.54062140106181E-16	1999.9999999999	1.36022242171292E-15	3.11671501184443E-07	0.00044643368036889	1.59454791816644E-06
0.0738450309219133	2.09258306972458E-16	1999.9999999999	1.42035859817651E-15	3.7545814722838E-07	0.00044643368036889	1.60526788838814E-06
0.0740451925061704	1.67550416113262E-16	1999.9999999999	1.37806986452715E-15	3.22475828446235E-07	0.00044643368036889	1.5953408144433E-06
0.0742452700538272	1.69224138547745E-16	1999.9999999999	1.38357740240422E-15	3.30662879715879E-07	0.00044643368036889	1.5960845800751E-06
0.0744454303719874	1.43489864816114E-16	1999.9999999999	1.36642426815911E-15	3.00811548661051E-07	0.00044643368036889	1.59358276446583E-06
0.0746455092126793	1.74459704742532E-16	1999.9999999999	1.39722168075104E-15	3.40213710468623E-07	0.00044643368036889	1.59980631160396E-06
0.0748456682774564	1.39714147922784E-16	1999.9999999999	1.37113914315627E-15	3.10394823011387E-07	0.00044643368036889	1.59339903071517E-06
0.0750457484065316	1.18169670525679E-16	1999.9999999999	1.3485297031623E-15	2.84874010252671E-07	0.00044643368036889	1.59057859245958E-06
0.0752459062151004	1.34942937266929E-16	1999.9999999999	1.37271572852307E-15	3.0899392578996E-07	0.00044643368036889	1.59419639354821E-06
0.0754459876246522	1.48770298757483E-16	1999.9999999999	1.38144835605999E-15	3.15072097902274E-07	0.00044643368036889	1.5960087588206E-06
0.0756461441902784	9.51641769161803E-17	1999.9999999999	1.32691202123951E-15	2.4860600852023E-07	0.00044643368036889	1.58473522974819E-06
0.0758462268803132	1.05807192158097E-16	1999.9999999999	1.33935651666792E-15	2.6819945141423E-07	0.00044643368036889	1.58715591076267E-06
0.076046382199625	3.5327786996604E-17	1999.9999999999	1.27219988610762E-15	1.64353160302608E-07	0.00044643368036889	1.57396851450833E-06
0.0762464661688348	2.1124763075487E-17	1999.9999999999	1.26584600471705E-15	1.22019515627907E-07	0.00044643368036889	1.5735517500736E-06
0.0764466202379716	8.94017838990727E-17	1999.9999999999	1.33534808993516E-15	2.36163826243628E-07	0.00044643368036889	1.58854786220637E-06
0.0766467049766064	5.68489130727111E-17	1999.9999999999	1.30748365789374E-15	1.85288191300504E-07	0.00044643368036889	1.58499607978904E-06
0.0768468583150188	1.24939653322495E-16	1999.9999999999	1.38890213095484E-15	2.83810942649389E-07	0.00044643368036889	1.60332130042338E-06
0.0770469436336507	1.7670836526251E-16	1999.9999999999	1.44393026692328E-15	3.33718284817867E-07	0.00044643368036889	1.61888347128603E-06
0.0772470964363574	2.14071076814816E-16	1999.9999999999	1.49855650543371E-15	3.63280118748044E-07	0.00044643368036889	1.63315920370896E-06
0.0774471822951457	1.33666138769688E-16	1999.9999999999	1.43014963421329E-15	2.7805740931719E-07	0.00044643368036889	1.62356191130335E-06
0.077647334583538	1.20081362921692E-16	1999.9999999999	1.43443854146025E-15	2.58346853522854E-07	0.00044643368036889	1.62977136701036E-06
0.0778474209589447	1.52207211103148E-16	1999.9999999999	1.48252675247601E-15	2.8896202845278E-07	0.00044643368036889	1.64617819929471E-06
0.0780475727630091	2.20020041409299E-16	1999.9999999999	1.57286888226365E-15	3.60685296217628E-07	0.00044643368036889	1.67307699694036E-06
0.0782476596238805	1.96510320939772E-16	1999.9999999999	1.56766575300511E-15	3.33847899430962E-07	0.00044643368036889	1.6801141432223E-06
0.0784478109653699	1.93668735141371E-16	1999.9999999999	1.5890198432146E-15	3.30866825376686E-07	0.00044643368036889	1.69355123017752E-06
0.0786478982904386	2.49865417677684E-16	1999.9999999999	1.67126978498411E-15	3.81098227484441E-07	0.00044643368036889	1.71822852817396E-06
0.0788480491950208	2.3529761421787E-16	1999.9999999999	1.67957961179194E-15	3.70685011954341E-07	0.00044643368036889	1.72976870286604E-06
0.0790481369578391	2.39428716738385E-16	1999.9999999999	1.70040407259751E-15	3.74902247025259E-07	0.00044643368036889	1.74372081513989E-06
0.0792482874492358	2.07310412248327E-16	1999.9999999999	1.69913884829819E-15	3.51360308633361E-07	0.00044643368036889	1.7530363840412E-06
0.0794483756263382	2.12910467557425E-16	1999.9999999999	1.72415623401478E-15	3.58699157194707E-07	0.00044643368036889	1.76610930581113E-06
0.0796485257241626	1.25267264459215E-16	1999.9999999999	1.65020048784663E-15	2.648675155733E-07	0.00044643368036889	1.76249887008919E-06
0.0798486142956159	1.24004110318379E-16	1999.9999999999	1.66918002004151E-15	2.74463284860211E-07	0.00044643368036889	1.77369064841052E-06
0.0800487640228272	5.44058382839535E-18	1999.9999999999	1.56325738703717E-15	0	0.00044643368036889	1.760958862847E-06
0.0802488529662989	-4.42349379570718E-17	1999.9999999999	1.53019066037496E-15	0	0.00044643368036889	1.75959509005174E-06
0.0804490023428667	-7.73667267527703E-17	1999.9999999999	1.49633347099328E-15	0	0.00044643368036889	1.75810910702888E-06
0.0806490920416562	-9.27344254039274E-17	1999.9999999999	1.48618303510721E-15	0	0.00044643368036889	1.75975546214232E-06
0.080849240722129	2.37967099051072E-17	1999.9999999999	1.600789880405E-15	1.31841897791992E-07	0.00044643368036889	1.78229185458078E-06
0.0810493313536159	6.64269523221682E-17	1999.9999999999	1.64358091901782E-15	2.23631761188326E-07	0.00044643368036889	1.79086554401662E-06
0.0812494792488247	1.41506291369563E-16	1999.9999999999	1.71126089028863E-15	3.16967713481104E-07	0.00044643368036889	1.80382842902811E-06
0.0814495706658916	6.21118486299564E-17	1999.9999999999	1.62388410623183E-15	2.03838738805952E-07	0.00044643368036889	1.78695659369908E-06
0.0816497177943176	8.68275570155503E-17	1999.9999999999	1.64755492312689E-15	2.45454223922921E-07	0.00044643368036889	1.7898199604171E-06
0.0818498099767249	1.17593656706899E-16	1999.9999999999	1.6799859077533E-15	2.8116276191556E-07	0.00044643368036889	1.79477015743666E-06
0.0820499563645072	1.36672098377118E-16	1999.9999999999	1.69076267950306E-15	2.9552986199936E-07	0.00044643368036889	1.79530744431204E-06
0.08225004927694	8.96842798495996E-17	1999.9999999999	1.64380458020667E-15	2.4199410531811E-07	0.00044643368036889	1.78563685424478E-06
0.0824501949538737	7.63273945857488E-17	1999.9999999999	1.62483721870712E-15	2.12023265827614E-07	0.00044643368036889	1.78150614199573E-06
0.0826502885620226	9.523606066493E-17	1999.9999999999	1.65324770262292E-15	2.32690380170876E-07	0.00044643368036889	1.78737833585975E-06
0.0828504335611258	1.02657049396156E-16	1999.9999999999	1.65267732531427E-15	2.30655074136535E-07	0.00044643368036889	1.78817068875254E-06
0.0830505278419482	3.68584700894399E-17	1999.9999999999	1.59715277702962E-15	8.58673024035774E-08	0.00044643368036889	1.78050686387653E-06
0.0832506721852667	3.1156520696551E-17	1999.9999999999	1.60467108725443E-15	0	0.00044643368036889	1.78359906308282E-06
0.0834507671068626	6.99096411339057E-17	1999.9999999999	1.65163718024871E-15	1.53136868536361E-07	0.00044643368036889	1.79548186933696E-06
0.0836509108258893	5.0026807023043E-17	1999.9999999999	1.63957773310426E-15	9.58879153351426E-08	0.00044643368036889	1.79614015218096E-06
0.083851006366493	1.10411749646622E-16	1999.9999999999	1.71221737182966E-15	2.29092794553678E-07	0.00044643368036889	1.8140499785348E-06
0.084051149482231	1.26938246425785E-16	1999.9999999999	1.7454027871435E-15	2.59637285664679E-07	0.00044643368036889	1.82410442166182E-06
0.0842512456103897	7.66349155623389E-17	1999.9999999999	1.70150787641376E-15	1.7920866117471E-07	0.00044643368036889	1.81984269018106E-06
0.0844513881543749	1.10275138459446E-16	1999.9999999999	1.74783943774077E-15	2.41028885337621E-07	0.00044643368036889	1.83071619372313E-06
0.0846514860157534	5.03195212807712E-17	1999.9999999999	1.69772983755648E-15	1.41652345757539E-07	0.00044643368036889	1.82454985193481E-06
0.084851626864069	3.77907675861244E-17	1999.9999999999	1.6883612259403E-15	1.33517385196479E-07	0.00044643368036889	1.82420386266988E-06
0.0850517272385121	2.9033059101251E-17	1999.9999999999	1.68422036682135E-15	1.26170570218763E-07	0.00044643368036889	1.82399698105692E-06
0.0852518658654567	9.57064143321455E-17	1999.9999999999	1.75629545815607E-15	2.55465436401812E-07	0.00044643368036889	1.83929976977878E-06
0.0854519684701593	1.27773620430115E-16	1999.9999999999	1.79495463709603E-15	2.98358648915214E-07	0.00044643368036889	1.84580607867528E-06
0.0856521048903657	1.6553292379105E-16	1999.9999999999	1.83091557658331E-15	3.37698846857203E-07	0.00044643368036889	1.85168891095657E-06
0.0858522097100029	1.71252256057664E-16	1999.9999999999	1.84006274142815E-15	3.4343883347901E-07	0.00044643368036889	1.85291946660989E-06
0.0860523439379136	1.59795965150085E-16	1999.9999999999	1.8255994575363E-15	3.32282840145787E-07	0.00044643368036889	1.84962024711814E-06
0.0862524509559654	1.3831722439215E-16	1999.9999999999	1.80590083396843E-15	3.11231011446692E-07	0.00044643368036889	1.84520067577494E-06
0.0864525830104486	2.21779255701259E-16	1999.9999999999	1.8912217343183E-15	3.88336022527608E-07	0.00044643368036889	1.85922247133378E-06
0.0866526922015362	2.61945911775512E-16	1999.9999999999	1.9293626527164E-15	4.20628179384257E-07	0.00044643368036889	1.86719683337116E-06
0.0868528221040759	3.29561402683705E-16	1999.9999999999	1.99912502673673E-15	4.67513396545551E-07	0.00044643368036889	1.87947962576524E-06
0.0870529334769164	4.06025104200524E-16	1999.9999999999	2.08056520945864E-15	5.20408357379518E-07	0.00044643368036889	1.8953317117859E-06
0.0872530612218773	3.97392021808351E-16	1999.9999999999	2.07319816701766E-15	5.11531176452997E-07	0.00044643368036889	1.89485760898578E-06
0.087453174725895	5.03421788832444E-16	1999.9999999999	2.18204228103722E-15	5.77508137999721E-07	0.00044643368036889	1.91660651270441E-06
0.0876533003605813	4.56827581409616E-16	1999.9999999999	2.14155570731463E-15	5.45068999525512E-07	0.00044643368036889	1.91174681206514E-06
0.0878534160105531	4.97445039609549E-16	1999.9999999999	2.19217575593777E-15	5.70218369877872E-07	0.00044643368036889	1.92265659218045E-06
0.0880535395216448	4.14355732850057E-16	1999.9999999999	2.1140104541008E-15	5.1968166704495E-07	0.00044643368036889	1.91221148191236E-06
0.088253657304266	4.53426817216875E-16	1999.9999999999	2.16165674856577E-15	5.42466366639226E-07	0.00044643368036889	1.92362766002497E-06
0.0884537787094426	5.14077539753475E-16	1999.9999999999	2.23520371050623E-15	5.79703303587412E-07	0.00044643368036889	1.94054774269572E-06
0.0886538997863379	4.49596662108982E-16	1999.9999999999	2.17660313473327E-15	5.4095326852203E-07	0.00044643368036889	1.93405271702382E-06
0.0888540179259922	4.86581958029319E-16	1999.9999999999	2.22322424841305E-15	5.62366000792942E-07	0.00044643368036889	1.945334176769E-06
0.0890541424862158	4.36062008855997E-16	1999.9999999999	2.18214583579241E-15	5.34554893829193E-07	0.00044643368036889	1.94209521506107E-06
0.0892542573345376	4.37355357242682E-16	1999.9999999999	2.19111368011793E-15	5.32649239858345E-07	0.00044643368036889	1.94711098745857E-06
0.0894543851772789	4.69385419844111E-16	1999.9999999999	2.22989300932445E-15	5.53830759372312E-07	0.00044643368036889	1.95806810684393E-06
0.0896544967805287	4.54876236736938E-16	1999.9999999999	2.22108941673696E-15	5.44285208324664E-07	0.00044643368036889	1.95992138214984E-06
0.0898546278812059	4.43555329459092E-16	1999.9999999999	2.21418767302541E-15	5.36884073285275E-07	0.00044643368036889	1.9621625877333E-06
0.090054736254544	4.41904299755122E-16	1999.9999999999	2.22115732114047E-15	5.34517701557868E-07	0.00044643368036889	1.9658763721181E-06
0.0902548706361471	3.6216032189982E-16	1999.9999999999	2.15578880543935E-15	4.78109723588951E-07	0.00044643368036889	1.9582159057018E-06
0.0904549757714374	3.70659544839327E-16	1999.9999999999	2.1637709908419E-15	4.78648128094416E-07	0.00044643368036889	1.96283299547885E-06
0.0906551133832688	4.37376917173156E-16	1999.9999999999	2.24414148227005E-15	5.23086555037036E-07	0.00044643368036889	1.98053697398255E-06
0.090855215320013	4.32106458357957E-16	1999.9999999999	2.24497774035852E-15	5.14519795332943E-07	0.00044643368036889	1.98485520501478E-06
0.0910553561959067	3.99796512222875E-16	1999.9999999999	2.21966504343347E-15	4.90347065901251E-07	0.00044643368036889	1.98318477363866E-06
0.0912554549034441	4.02321931754774E-16	1999.9999999999	2.22610517127725E-15	4.90865833856455E-07	0.00044643368036889	1.98780775110746E-06
0.0914555990311376	2.94268739926331E-16	1999.9999999999	2.12717845445172E-15	4.08941086317633E-07	0.00044643368036889	1.97588903352546E-06
0.0916556945284811	2.822805077204E-16	1999.9999999999	2.12443521210905E-15	3.94863495161456E-07	0.00044643368036889	1.97982327388072E-06
0.091855841983748	2.78033215448908E-16	1999.9999999999	2.13046006467644E-15	3.88033185026516E-07	0.00044643368036889	1.98571188338983E-06
0.0920559341919464	3.19453331041689E-16	1999.9999999999	2.18471573897282E-15	4.13406401573669E-07	0.00044643368036889	1.99890349142286E-06
0.0922560849583246	2.48212345015546E-16	1999.9999999999	2.12630877703777E-15	3.47654269143042E-07	0.00044643368036889	1.99369894979249E-06
0.0924561738972698	1.62879725687571E-16	1999.9999999999	2.05705792410847E-15	2.49601741717837E-07	0.00044643368036889	1.98790494488735E-06
0.0926563267385222	1.66022605800937E-16	1999.9999999999	2.08120406498389E-15	2.54376260052258E-07	0.00044643368036889	1.99788317862547E-06
0.092856413540931	1.88431855169206E-16	1999.9999999999	2.11262055478749E-15	2.82497261915833E-07	0.00044643368036889	2.0084982119968E-06
0.093056568062572	2.40774471848468E-16	1999.9999999999	2.18645706105215E-15	3.43609934967552E-07	0.00044643368036889	2.02605083861677E-06
0.093256653009347	1.34289548175866E-16	1999.9999999999	2.0883339953814E-15	2.09555840753471E-07	0.00044643368036889	2.01537931433598E-06
0.093456809393167	1.85477076147911E-16	1999.9999999999	2.16970174857675E-15	2.85604181901919E-07	0.00044643368036889	2.03355339045238E-06
0.0936568925303329	1.44480317591417E-16	1999.9999999999	2.13996388394392E-15	2.27780547782687E-07	0.00044643368036889	2.03638007754326E-06
0.0938570507103916	2.53565223304015E-16	1999.9999999999	2.27780874206959E-15	3.60210803246431E-07	0.00044643368036889	2.06373999559462E-06
0.0940571320705872	3.69198865434803E-16	1999.9999999999	2.40667523332033E-15	4.52499352363758E-07	0.00044643368036889	2.08880763612504E-06
0.0942572920609283	2.30961449065073E-16	1999.9999999999	2.29044019420159E-15	3.46677676276946E-07	0.00044643368036889	2.07628514059575E-06
0.0944573716540361	1.48586610438519E-16	1999.9999999999	2.22094353785252E-15	2.53459327786152E-07	0.00044643368036889	2.0698032947707E-06
0.0946575334449246	1.41219932942627E-16	1999.9999999999	2.23651255368612E-15	2.49645141974421E-07	0.00044643368036889	2.07764765448037E-06
0.094857611275852	1.69064568966183E-16	1999.9999999999	2.27774866672744E-15	2.82683965445559E-07	0.00044643368036889	2.08888106231584E-06
0.0950577748907939	1.06258440015419E-16	1999.9999999999	2.23404588661669E-15	2.12273585762552E-07	0.00044643368036889	2.08475504925125E-06
0.0952578509460559	1.51782831894023E-16	1999.9999999999	2.28795247985188E-15	2.79715002110395E-07	0.00044643368036889	2.09767260605151E-06
0.0954580163739507	1.37128350312201E-16	1999.9999999999	2.28152608855183E-15	2.68565930337579E-07	0.00044643368036889	2.0992229056458E-06
0.0956580906615363	1.11422368395121E-16	1999.9999999999	2.26191121724251E-15	2.32689583941987E-07	0.00044643368036889	2.09781698560557E-06
0.0958582579376605	5.69272576989812E-17	1999.9999999999	2.21879207348848E-15	1.71149603751665E-07	0.00044643368036889	2.09241668889204E-06
0.0960583304326752	1.03590078315399E-16	1999.9999999999	2.27075754467665E-15	2.41221451827148E-07	0.00044643368036889	2.10060712171483E-06
0.0962584995199606	1.07924439124288E-16	1999.9999999999	2.27401146253634E-15	2.51389170072661E-07	0.00044643368036889	2.10236587013025E-06
0.0964585702534194	9.56830883400253E-17	1999.9999999999	2.26735902168536E-15	2.36780354667847E-07	0.00044643368036889	2.10082462827823E-06
0.0966587384479815	1.49517147583516E-16	1999.9999999999	2.32821987033619E-15	3.11706172094878E-07	0.00044643368036889	2.11160232441224E-06
0.0968588099782349	1.3634667039678E-16	1999.9999999999	2.33081977219038E-15	2.98396298342315E-07	0.00044643368036889	2.11084266261824E-06
0.0970589761816995	-2.08028422768995E-17	1999.9999999999	2.18278126042038E-15	0	0.00044643368036889	2.08908134808425E-06
0.097259049026064	1.38458354268625E-17	1999.9999999999	2.22074431797823E-15	5.90241050447169E-08	0.00044643368036889	2.09531751773687E-06
0.0974592139179841	-1.31224763841293E-16	1999.9999999999	2.09017346102624E-15	0	0.00044643368036889	2.07566385072707E-06
0.0976592881057698	-9.34863253587538E-17	1999.9999999999	2.14210964710016E-15	0	0.00044643368036889	2.08551450037311E-06
0.0978594516815676	-9.52219795553004E-17	1999.9999999999	2.15303138946115E-15	0	0.00044643368036889	2.08938725642541E-06
0.0980595271941941	-7.11700154656651E-18	1999.9999999999	2.25986909099519E-15	0	0.00044643368036889	2.11025905217913E-06
0.0982596894902736	-6.36691662308394E-18	1999.9999999999	2.28696237712576E-15	0	0.00044643368036889	2.11890980012445E-06
0.0984597663131314	-2.09574925170137E-17	1999.9999999999	2.29999268497167E-15	0	0.00044643368036889	2.12594300226231E-06
0.0986599273399898	-4.22464000337359E-18	1999.9999999999	2.33912050088859E-15	0	0.00044643368036889	2.13916426881642E-06
0.0988600054588178	-1.02272799541154E-16	1999.9999999999	2.27434300191765E-15	0	0.00044643368036889	2.13699654121495E-06
0.099060165223453	-1.03124508720959E-16	1999.9999999999	2.30568677649471E-15	0	0.00044643368036889	2.15062190708413E-06
0.0992602446378942	-1.70886248285472E-16	1999.9999999999	2.27887474652322E-15	0	0.00044643368036889	2.15685673072324E-06
0.0994604031537545	-2.22942097960364E-16	1999.9999999999	2.25729371334074E-15	0	0.00044643368036889	2.16331774488627E-06
0.0996604838461601	-2.41863660390299E-16	1999.9999999999	2.27907161235718E-15	0	0.00044643368036889	2.17829184267818E-06
0.0998606411144053	-2.74407886047937E-16	1999.9999999999	2.28678546693751E-15	0	0.00044643368036889	2.19096008908467E-06